"gender","serve_number","speed_variable","hidden_size","weight_decay","test_accuracy","log_loss"
"F",1,"Speed_MPH",3,1e-04,0.654225141833383,0.613009159880323
"F",1,"speed_ratio",5,0.001,0.648054145516074,0.628981366168851
"F",2,"Speed_MPH",3,0.001,0.535589479492367,0.696465186684525
"F",2,"speed_ratio",3,0,0.536509104285452,0.691979445469578
"M",1,"Speed_MPH",7,0.001,0.777306247391123,0.472639516824641
"M",1,"speed_ratio",5,1e-04,0.723180743008209,0.554802147501142
"M",2,"Speed_MPH",5,1e-04,0.581151832460733,0.6832011571749
"M",2,"speed_ratio",5,0.001,0.608043788672061,0.606905950643408
