"gender","serve_number","speed_variable","test_accuracy","log_loss"
"F",1,"Speed_MPH",0.654225141833383,0.640229086520633
"F",1,"speed_ratio",0.654225141833383,0.642340400120498
"F",2,"Speed_MPH",0.544785727423211,0.684139843665978
"F",2,"speed_ratio",0.544785727423211,0.685155338359943
"M",1,"Speed_MPH",0.721580631696118,0.582747992445632
"M",1,"speed_ratio",0.721580631696118,0.590565434114605
"M",2,"Speed_MPH",0.571751546882437,0.68065699766357
"M",2,"speed_ratio",0.571751546882437,0.682845624341735
