"cluster","n","WBC_DNCTL","WB_DNCTL","WC_DNCTL","WW_DCTL","WBW_DNCTL"
"1",5,0.151515151515152,0,0,0.151515151515152,0
"1",1,0,0.0303030303030303,0,0,0
"1",22,0,0,0.666666666666667,0,0
"2",2,0,0,0,0,0.0952380952380952
"2",18,0,0,0.857142857142857,0,0
"2",1,0,0,0,0.0476190476190476,0
"3",11,0,0,0.379310344827586,0,0.379310344827586
"3",3,0,0.103448275862069,0,0,0
"3",4,0,0,0,0.137931034482759,0
"4",38,0,0,0.95,0,0
"4",2,0,0,0,0.05,0
