"cluster","avg_speed","sd_speed","ace_pct","location_entropy"
"1",99.1111111111111,5.45266499572049,0,2.78393249541035
"2",94.0983024634666,6.38987658186722,0.00275282702494647,2.51876096889834
"3",106.906407589874,10.3467775674822,0.0400506079285132,2.76133294092519
"4",98.1907832022662,7.34489345011143,0.0069098312154406,2.72372634563422
