"cluster","n","WB_DNCTL","WC_DNCTL","WW_DCTL","WBW_DNCTL"
"1",1,0.05,0,0,0
"1",9,0,0.45,0,0
"1",10,0,0,0.5,0
"2",2,0,0,0.0625,0.0625
"2",28,0,0.875,0,0
"3",39,0,0.866666666666667,0,0
"3",6,0,0,0.133333333333333,0
"4",1,0,0,0,0.0588235294117647
"4",13,0,0.764705882352941,0,0
"4",3,0,0,0.176470588235294,0
