"","PC1","PC2","PC3","PC4","PC5","PC6","PC7","PC8"
"avg_speed",0.602731179825666,0.235984519243132,-0.376552464783011,0.133125930992484,0.14871045812439,-0.101408459584703,0.622882830080366,-0.0336253366814005
"sd_speed",0.087303304936586,-0.94907744295377,-0.0747366077029009,0.194580024812805,0.00345901811316172,-0.146288363184383,0.162790018179227,-0.0164424331570955
"ace_pct",0.661177448828402,-0.0355720397319318,-0.137990467222456,0.161563558012068,-0.0885388759784848,0.125984410270675,-0.701769903339761,0.0155774646205274
"location_entropy",-0.366325458867642,-0.020550308441775,-0.893103437074888,-0.00933408172569225,-0.0667010762330524,0.21661103327375,-0.122534748248342,0.0357537519270886
"modal_location_WBC_DNCTL",-0.0965112036600935,0.126374501527505,-0.144014362533313,0.11726715803965,-9.97478684836095e-05,-0.900921328626806,-0.197094551655772,0.299529359737013
"modal_location_WBW_DNCTL",-0.110730982423499,0.0215225721591186,0.070307415910416,0.431772831436589,0.714114707577787,0.231503879172941,-0.0577508078141103,0.478555639676519
"modal_location_WC_DNCTL",0.18541288941436,-0.136558535047773,-0.0236897356535771,-0.686810952642429,-0.0285481763480932,0.087730016718229,0.0625921597659594,0.679907351062876
"modal_location_WW_DCTL",-0.0423036014768528,0.0824236587583517,0.0985042610877165,0.496324030338029,-0.674396207586163,0.180482091837749,0.178665698024995,0.464834004031617
