"cluster","avg_speed","sd_speed","ace_pct","location_entropy"
"1",105.79315725272,11.9063365696416,0.0384027140470412,2.87345911315917
"2",109.900440324837,12.0234553454272,0.0654632282662964,2.85002890107667
"3",108.785472743184,10.8035308230442,0.0330553264285662,2.95839744270021
"4",115.678603671009,11.2368583735717,0.126073851779654,2.75371153750249
