"cluster","avg_speed","sd_speed","ace_pct","location_entropy"
"1",116.347408137561,9.10728245153633,0.136871690701438,2.643301919351
"2",109.996927156127,10.3572600028862,0.0712585374021136,2.81039940304999
"3",110.574057552034,9.88192826680288,0.0680078898668234,2.8404767854621
"4",110.522039645279,7.30752360429538,0.0374282733437663,2.92358480554423
