"cluster","n","WBW_DNCTL","WC_DNCTL","WW_DCTL","WBC_DNCTL","WB_DNCTL"
"1",1,0.025,0,0.025,0,0
"1",38,0,0.95,0,0,0
"2",9,0,0,0,0.225,0
"2",25,0.625,0,0,0,0
"2",6,0,0,0.15,0,0
"3",1,0.0188679245283019,0,0,0,0.0188679245283019
"3",51,0,0.962264150943396,0,0,0
"4",1,0,0,0,0.0285714285714286,0
"4",2,0.0571428571428571,0,0,0,0
"4",32,0,0.914285714285714,0,0,0
