"cluster","avg_speed","sd_speed","ace_pct","location_entropy"
"1",104.069765937366,13.3499948205209,0.0616382152662382,2.72042592292225
"2",102.02891781923,14.1570600845927,0.0503851859949525,2.90817942087694
"3",102.74006811399,13.3539282333917,0.038785939637182,2.93254440476524
"4",109.562174884841,13.0921556068722,0.0934477807610324,2.87740720113042
