"cluster","n","WC_DNCTL","WW_DCTL","WBC_DNCTL","WBW_DNCTL"
"1",67,0.957142857142857,0,0,0
"1",3,0,0.0428571428571429,0,0
"2",21,0,1,0,0
"3",1,0,0,0.0163934426229508,0
"3",60,0.983606557377049,0,0,0
"4",2,0,0,0,1
