"cluster","avg_speed","sd_speed","ace_pct","location_entropy"
"1",110.226488241223,13.4029827991985,0.109454502227119,2.84512062350923
"2",102.542244103821,13.3071363545286,0.0398127509381501,2.92461129639528
"3",103.963798053001,12.5504548318423,0.0455496808998286,2.87129707075528
"4",102.456894837475,15.4938691675003,0.0610579168661596,2.88379837701334
