"cluster","n","WBW_DNCTL","WC_DNCTL","WBC_DNCTL","WW_DCTL","WB_DNCTL"
"1",8,0.380952380952381,0,0,0,0
"1",13,0,0.619047619047619,0,0,0
"2",1,0.0175438596491228,0,0,0,0
"2",56,0,0.982456140350877,0,0,0
"3",10,0,0,0.27027027027027,0,0
"3",20,0.540540540540541,0,0,0,0
"3",7,0,0,0,0.189189189189189,0
"4",1,0,0,0,0,0.0192307692307692
"4",51,0,0.980769230769231,0,0,0
