"","PC1","PC2","PC3","PC4","PC5","PC6","PC7"
"avg_speed",0.547648623577453,0.0898894038917506,0.51990211932379,0.269130496994959,-0.575583639161332,-0.134065367636792,-0.00118050912521623
"sd_speed",0.431384680842743,0.265682534531332,-0.81951560407415,0.087925158622334,-0.250385619095991,0.0134505837396898,0.0333093483336253
"ace_pct",0.578169409624372,0.311739627740341,0.171636327088346,-0.317185630609016,0.642539682132144,-0.158773216693325,-0.0201645177497557
"location_entropy",0.391154558290921,-0.888988122604193,-0.12151759403497,0.109405121112264,0.170725536513103,0.0169897226817267,0.0229426179147196
"modal_location_WBC_DNCTL",-0.0530111025607763,0.0920195651623272,-0.0416986857209015,0.643190778883628,0.268067893205142,-0.170222354841456,-0.68735217955982
"modal_location_WBW_DNCTL",0.0166544666932948,-0.142639506226712,-0.0427350668452419,-0.627348361098168,-0.302323037562757,-0.148701302827759,-0.685910381455108
"modal_location_WC_DNCTL",0.153684544685599,0.0709759055505095,0.101515221696404,-0.00118028156347432,0.0273212323831795,0.951451652177388,-0.234584850502773
