"","PC1","PC2","PC3","PC4","PC5","PC6","PC7","PC8"
"avg_speed",0.628390084438473,-0.246387024583762,0.255997898054196,-0.21665486042377,-0.133313158476191,0.193832675382478,-0.613678563512618,0.000447167778984976
"sd_speed",0.0170911054281743,0.949393961295017,0.178152673175802,-0.0690714108875485,-0.0441768671426246,0.0920358539653309,-0.22629367637076,0.0147899844170987
"ace_pct",0.662690515405771,0.132048825646943,0.130206455201519,-0.191537326121431,0.0918787502215309,-0.213678701688738,0.660045285335035,-0.0020122554360886
"location_entropy",-0.287908118326106,-0.133535386360973,0.936410989921748,0.0216897339774393,0.0656897945378956,-0.0872130279889546,0.0999519319925147,-0.00543868721631262
"modal_location_WBC_DNCTL",-0.101662173038582,-0.0181664966302949,0.026775951286842,-0.19262327884715,-0.816440742500413,0.302740279937019,0.255089533010559,-0.35807299380098
"modal_location_WBW_DNCTL",-0.155235482812446,-0.0202866830731592,-0.0537930250842381,-0.59487119012343,0.492242166112668,0.224868194674293,0.000439897865756766,-0.570838615016362
"modal_location_WC_DNCTL",0.212350243810398,0.0405868404480369,0.0508745698088858,0.693747264973766,0.111600395518817,0.0431008435337065,-0.033675522412191,-0.673750859755506
"modal_location_WW_DCTL",-0.0570798869176463,0.0169436088399305,-0.0520439741133202,-0.197160066300781,-0.214910837195311,-0.869838221134723,-0.245631270701104,-0.302876564967751
