"cluster","n","WBC_DNCTL","WBW_DNCTL","WB_DNCTL","WC_DNCTL"
"1",23,0.638888888888889,0,0,0
"1",5,0,0.138888888888889,0,0
"1",8,0,0,0.222222222222222,0
"2",5,0.333333333333333,0,0,0
"2",6,0,0.4,0,0
"2",1,0,0,0.0666666666666667,0
"2",3,0,0,0,0.2
"3",31,0.720930232558139,0,0,0
"3",4,0,0.0930232558139535,0,0
"3",8,0,0,0.186046511627907,0
"4",36,0,0.923076923076923,0,0
"4",3,0,0,0.0769230769230769,0
