"cluster","n","WBC_DNCTL","WBW_DNCTL","WB_DNCTL","WC_DNCTL"
"1",31,0.815789473684211,0,0,0
"1",1,0,0.0263157894736842,0,0
"1",6,0,0,0.157894736842105,0
"2",24,0,0.705882352941177,0,0
"2",10,0,0,0.294117647058824,0
"3",23,0.48936170212766,0,0,0
"3",20,0,0.425531914893617,0,0
"3",4,0,0,0.0851063829787234,0
"4",5,0.333333333333333,0,0,0
"4",6,0,0.4,0,0
"4",1,0,0,0.0666666666666667,0
"4",3,0,0,0,0.2
