"cluster","avg_speed","sd_speed","ace_pct","location_entropy"
"1",88.5930532120495,6.97220060007607,0.00216567911724296,2.57656746214169
"2",91.2249463835378,7.94780087092433,0.00412749718285746,2.627869037153
"3",93.0521255925702,7.08318806518258,0.0051677156433971,2.78248357568617
"4",97.8699488769494,9.27002169860896,0.0239453367367136,2.73284908710352
