"","PC1","PC2","PC3","PC4","PC5","PC6","PC7"
"avg_speed",0.598119578861792,0.0838108535776536,0.342018884051196,0.286659943664735,0.0178768505761206,0.660042144580584,0.0101319023991179
"sd_speed",-0.114643205505736,-0.925501663958313,0.23214112639487,-0.142893237020749,0.17573457568249,0.158452514569979,-0.0024052500417616
"ace_pct",0.609739909321007,-0.201096388989835,0.154053079982722,0.241002460309595,-0.0279516854155304,-0.710760125231347,0.00130217225054601
"location_entropy",-0.469258589929636,0.143460635701374,0.764184093679499,0.371229843476238,-0.126010502143349,-0.146698570878568,-0.00523246720245148
"modal_location_WBW_DNCTL",-0.0628329378604984,0.135523289595622,-0.0278461098689242,0.21666834157263,0.938819965892802,-0.0621224356674631,-0.211477560157369
"modal_location_WC_DNCTL",0.141979463939202,0.144685790872834,0.328983141001621,-0.592060285552575,-0.0270237984578288,-0.0488139916325516,-0.705003172677229
"modal_location_WW_DCTL",-0.114093721612444,-0.190003050157283,-0.335288811333527,0.551392115450305,-0.264621653900688,0.0793393905626927,-0.676838424607635
