"cluster","n","WW_DCTL","WC_DNCTL","WBW_DNCTL","WBC_DNCTL"
"1",22,1,0,0,0
"2",64,0,0.96969696969697,0,0
"2",2,0.0303030303030303,0,0,0
"3",2,0,0,1,0
"4",1,0,0,0,0.015625
"4",63,0,0.984375,0,0
