"cluster","avg_speed","sd_speed","ace_pct","location_entropy"
"1",88.8891338067898,6.88017026011456,0.00186206336128904,2.57213766014721
"2",89.9430706190413,7.64087784978457,0.00404237748331465,2.70143639597134
"3",97.8699488769494,9.27002169860896,0.0239453367367136,2.73284908710352
"4",94.9086917328216,7.41181443652364,0.00615653782506351,2.75880810953038
