"cluster","avg_speed","sd_speed","ace_pct","location_entropy"
"1",110.237497452858,10.3075044132212,0.0748975034053668,2.8039184116834
"2",116.622060537969,9.30908395563454,0.141505942956391,2.63782372429918
"3",110.522039645279,7.30752360429538,0.0374282733437663,2.92358480554423
"4",110.577978298643,9.63508152781849,0.066231118849709,2.8365005448598
