"cluster","avg_speed","sd_speed","ace_pct","location_entropy"
"1",108.960916920795,10.4145155732768,0.0433578436481444,2.872178922517
"2",114.815266722397,11.5776122609671,0.119837475337068,2.75073665561808
"3",109.746322772352,12.9167511071142,0.0706959470167434,2.86197448159623
"4",104.32923706341,12.0743616614806,0.0295168777819073,2.8866707644689
