"cluster","n","WB_DNCTL","WC_DNCTL","WW_DCTL","WBW_DNCTL"
"1",1,0.0526315789473684,0,0,0
"1",7,0,0.368421052631579,0,0
"1",11,0,0,0.578947368421053,0
"2",2,0,0,0,0.0526315789473684
"2",32,0,0.842105263157895,0,0
"2",4,0,0,0.105263157894737,0
"3",1,0,0,0,0.0625
"3",12,0,0.75,0,0
"3",3,0,0,0.1875,0
"4",38,0,0.926829268292683,0,0
"4",3,0,0,0.0731707317073171,0
