"","PC1","PC2","PC3","PC4","PC5","PC6","PC7","PC8"
"avg_speed",0.538860229893022,-0.118523504773612,0.347540247200742,0.503794104692759,0.189903645902172,-0.0131978858890446,0.522494367659092,-0.108402790342024
"sd_speed",0.51158054178137,-0.286717900194236,-0.146719688312734,-0.639137345504433,0.0274757601580942,-0.461512081441861,0.106211122009099,0.0320290566572501
"ace_pct",0.559394732692213,-0.192971878583174,-0.203220644418502,0.21200897965734,-0.0404302884891688,0.362560042084413,-0.653173147570716,0.0622366153326691
"location_entropy",0.3354671142456,0.881916978922404,-0.283559111077877,-0.0506380697534873,-0.0154407823976386,0.0184616355176239,0.120057656839011,0.108264413598207
"modal_location_WBC_DNCTL",-0.0859787874944319,-0.11335967986815,-0.68487085175336,0.165827527571922,0.263941888763365,-0.0344725650059122,0.131399685420868,-0.62856250515635
"modal_location_WBW_DNCTL",0.0611409491190336,0.219607866421344,0.487366921254296,-0.357895214854323,0.393684227377791,0.198577071996079,-0.248869937096209,-0.57101864995753
"modal_location_WC_DNCTL",0.105651791169572,0.0148722241649359,0.092222978091992,-0.0507011222826163,-0.857063028914397,0.0870853695403374,0.0970331906959407,-0.475378267557156
"modal_location_WW_DCTL",-0.0127075438511828,0.165620366571539,0.144585727654894,0.363351860567285,-0.0458152248328702,-0.7789972564396,-0.431337766300815,-0.15649529156652
