"cluster","avg_speed","sd_speed","ace_pct","location_entropy"
"1",95.2336123656828,6.33564404113728,0.00254435107376284,2.40429866780381
"2",96.7227229913184,6.91517519701291,0.00648006493971703,2.67774068467068
"3",107.898326896634,11.3225597946851,0.0438745260290096,2.73368320038011
"4",97.2645304962933,7.23304994639895,0.00612915054722107,2.70024056661349
