"gender","serve_number","speed_variable","hidden_size","weight_decay","test_accuracy","log_loss"
"F",1,"Speed_MPH",7,0.001,0.695647902544454,0.560561333088668
"F",1,"speed_ratio",3,0.001,0.654189999017585,0.622762664519662
"F",2,"Speed_MPH",7,0.001,0.581728018310128,0.689028470845258
"F",2,"speed_ratio",5,0.001,0.597940110623689,0.615631872739325
"M",1,"Speed_MPH",5,0.001,0.760294026038747,0.512844915003191
"M",1,"speed_ratio",3,1e-04,0.748956581324363,0.517284792793713
"M",2,"Speed_MPH",5,0.001,0.618798955613577,0.618460605564977
"M",2,"speed_ratio",5,1e-04,0.59331095362427,0.658825938019402
